nct_id,title,phase,study_type,status,condition,interventions,country,start_date,primary_completion_date,completion_date,last_update
NCT05349227,Comprehensive Outcomes for After Cancer Health,,N/A,RECRUITING,,,"United States, United States, United States, United States, United States, United States, United States",,,,
NCT06518837,Tirzepatide for Weight Loss Intervention in Early-Stage Hormone Receptor Positive/HER2 Negative Breast Cancer,,N/A,RECRUITING,,,"United States, United States, United States, United States, United States, United States, United States",,,,
NCT06324357,Beamion BCGC-1: A Study to Find a Suitable Dose of Zongertinib Used Alone and in Combination With Other Treatments to Test Whether it Helps People With Different Types of HER2+ Cancer That Has Spread,,N/A,RECRUITING,,,"United States, United States, United States, United States, United States, United States, United States, United States, United States, United States, United States, United States, United States, United States, United States, United States, United States, United States, United States, United States, United States, United States, United States, United States, United States, Belgium, Belgium, Belgium, Belgium, Belgium, Belgium, China, China, China, China, China, China, China, China, France, France, France, France, France, France, France, France, France, France, France, Germany, Germany, Germany, Germany, Germany, Germany, Italy, Italy, Italy, Italy, Italy, Italy, Italy, Italy, Japan, Japan, Japan, Japan, Japan, Japan, Japan, Japan, South Korea, South Korea, South Korea, South Korea, South Korea, South Korea, South Korea, South Korea, Spain, Spain, Spain, Spain, Spain, Spain, Spain, Spain, Spain, Spain, Spain, Spain, Spain, Spain, United Kingdom, United Kingdom, United Kingdom, United Kingdom, United Kingdom, United Kingdom, United Kingdom",,,,
NCT06428682,Role of TXA in Patients Undergoing Breast Free Flap Reconstruction,,N/A,RECRUITING,,,United States,,,,
NCT05755984,3D Printed Breast Models in the Surgical Management of Breast Cancer,,N/A,RECRUITING,,,United States,,,,
NCT05064098,Interpretations and Predictions of Patient Reported Outcomes by Breast Cancer Patients,,N/A,RECRUITING,,,United States,,,,
NCT06110793,"A Study of Lenvatinib, Pembrolizumab, and Fulvestrant in People With Breast Cancer",,N/A,RECRUITING,,,"United States, United States, United States, United States, United States, United States, United States",,,,
NCT03449238,Pembrolizumab And Stereotactic Radiosurgery (Srs) Of Selected Brain Metastases In Breast Cancer Patients,,N/A,RECRUITING,,,"United States, United States, United States",,,,
NCT07216274,Quantitative Transmission Imaging Compared With MRI as Supplemental Screening for High Lifetime Risk of Breast Cancer,,N/A,RECRUITING,,,United States,,,,
NCT07115043,A Study to Investigate Safety of AZD6750 in Adult Participants With Select Advanced or Metastatic Solid Tumors,,N/A,RECRUITING,,,"United States, United States, United States, United States, United States, United States, Australia, Japan, Japan",,,,
NCT06441890,BRE-10: Biomarker Optimization of Neoadjuvant Therapy in Breast Cancer,,N/A,RECRUITING,,,United States,,,,
NCT07029490,"Enhancing Mammography Programs for Outreach, Wellness, Education, and Resources (EMPOWER) in Underserved Populations Study",,N/A,RECRUITING,,,United States,,,,
NCT06534125,Acutherapy to Prevent Aromatase Inhibitor-Associated Arthralgias in Non-Hispanic Black Postmenopausal Women with Early-Stage Breast Cancer,,N/A,RECRUITING,,,"United States, United States, United States, United States",,,,
NCT04563507,Combined Immunotherapies in Metastatic ER+ Breast Cancer,,N/A,RECRUITING,,,"United States, United States, United States",,,,
NCT01174121,Immunotherapy Using Tumor Infiltrating Lymphocytes for Patients With Metastatic Cancer,,N/A,RECRUITING,,,United States,,,,
NCT00034216,Collection of Blood From Patients With Cancer,,N/A,RECRUITING,,,United States,,,,
NCT05095207,"Abemaciclib in Combination With Bicalutamide for Androgen Receptor-positive, HER2-negative Metastatic Breast Cancer",,N/A,RECRUITING,,,"United States, United States, United States",,,,
NCT06867484,Breast Re-irradiation After Second Ipsilateral Lumpectomy,,N/A,RECRUITING,,,"United States, United States",,,,
NCT06806930,Predicting Response to Neoadjuvant Endocrine Therapy (Neo-PREDICT),,N/A,RECRUITING,,,United States,,,,
NCT06395506,THRIVE Well Cancer FDTN/Exercise_Creatine Supplementation,,N/A,RECRUITING,,,United States,,,,
NCT06456411,Functional Near-Infrared Spectroscopy and Virtual Reality Relaxation Programs for Pain Management in Patients With Cancer,,N/A,RECRUITING,,,United States,,,,
NCT05225428,Video Education With Result Dependent dIsclosure,,N/A,RECRUITING,,,United States,,,,
NCT05787587,A Study of PARG Inhibitor IDE161 in Participants With Advanced Solid Tumors,,N/A,RECRUITING,,,"United States, United States, United States, United States, United States, United States, United States, United States, United States, United States, United States, United States, United States, United States, United States, United States, United States, United States, United States, United States, United States, United States, United States, United States, United States, United States, United States",,,,
NCT06026657,"Gemcitabine and Ex Vivo Expanded Allogenic Universal Donor, TGFβi Natural Killer (NK) Cells With or Without Naxitamab (Danyelza) for the Treatment of Patients With Metastatic, GD2 Expressing, HER2 Negative Breast Cancer",,N/A,RECRUITING,,,United States,,,,
NCT04360330,SABER Study for Selected Early Stage Breast Cancer,,N/A,RECRUITING,,,United States,,,,
NCT05848141,Rowing Following Breast Cancer Chemotherapy,,N/A,RECRUITING,,,United States,,,,
NCT06610539,PAS 1ml Magtrace® for Sentinel Lymph Node Biopsy in Breast Cancer Patients,,N/A,RECRUITING,,,United States,,,,
NCT06772181,A Digital Health Intervention to Improve Symptoms and Physical Activity During Breast Radiation,,N/A,RECRUITING,,,"United States, United States",,,,
NCT06557148,A Study Comparing Cancer Imaging Approaches in People With Lobular Breast Cancer,,N/A,RECRUITING,,,"United States, United States, United States, United States, United States, United States, United States",,,,
NCT06638307,A First-in-Human Study of MEN2312 in Adults With Advanced Breast Cancer,,N/A,RECRUITING,,,"United States, United States, United States, United States, United States, United States, United States, United States, United States, United States, United States, United States, United States, United States, United States, United States, United States, United States, United States, United States, United States, United States, United States, United States, United States, United States, United States, United States, United States, United States, United States, United States, United States, United States, United States, United States, United States, United States",,,,
NCT05768932,BAL0891 in Patients With Advanced Solid Tumors or Relapsed or Refractory Acute Myeloid Leukemia,,N/A,RECRUITING,,,"United States, United States, United States, United States, United States, United States, South Korea, South Korea, South Korea, South Korea, South Korea, South Korea",,,,
NCT04969835,"A Study Evaluating the Safety, Pharmacokinetics and Early Efficacy of AVA6000 in Solid Tumours",,N/A,RECRUITING,,,"United States, United States, United States, United Kingdom, United Kingdom, United Kingdom, United Kingdom, United Kingdom, United Kingdom",,,,
NCT04851613,Study to Evaluate Efficacy & Safety of Afuresertib Plus Fulvestrant in Patients With Locally Advanced or Metastatic HR+/HER2- Breast Cancer,,N/A,RECRUITING,,,"United States, United States, United States, United States, United States, United States, China, China, China, China, China, China, China, China, China, China, China, China, China, China, China, China, China, China, China, China, China, China, China, China, China, China, China, China, China, China, China, China, China, China, China, China, China, China, China, China, China, China, China, China, China, China, China, China, China",,,,
NCT05913713,HIIT Following Breast Cancer Chemotherapy,,N/A,RECRUITING,,,United States,,,,
NCT04986579,Scalp Cooling in MBC,,N/A,RECRUITING,,,"United States, United States",,,,
NCT07173751,ROSETTA Breast-01: The Effects and Safety of Pumitamig in Patients With Triple-Negative Breast Cancer,,N/A,RECRUITING,,,United States,,,,
NCT07038369,A Phase 1 Study of ATV-1601 in Patients With Advanced Cancer That Have AKT1 E17K Mutations,,N/A,RECRUITING,,,"United States, United States, United States, United States, United States, United States, United States, United States, Spain, Spain",,,,
NCT05870579,"[177Lu]Lu-NeoB in Combination With Ribociclib and Fulvestrant in Participants With ER+, HER2- and GRPR+ Advanced Breast Cancer",,N/A,RECRUITING,,,"United States, United States, United States, United States, United States, United States, China, China, China, France, France, France, France, France, Germany, Germany, Germany, Germany, Poland, Portugal, Spain, Spain, Spain, Spain, Spain",,,,
NCT06813053,A Novel Patient Decision Aid for Surgical Treatment Options in Early-Stage Breast Cancer,,N/A,RECRUITING,,,"United States, United States, United States",,,,
NCT03740256,"Binary Oncolytic Adenovirus in Combination With HER2-Specific Autologous CAR VST, Advanced HER2 Positive Solid Tumors",,N/A,RECRUITING,,,United States,,,,
NCT05795101,TRUDI: TDXD+Durva in HER2+/Low IBC,,N/A,RECRUITING,,,"United States, United States, United States",,,,
NCT05534438,A Study on Adding Precisely Targeted Radiation Therapy (Stereotactic Body Radiation Therapy) to the Usual Treatment Approach (Drug Therapy) in People With Breast Cancer,,N/A,RECRUITING,,,"United States, United States, United States, United States, United States, United States, United States, United States",,,,
NCT06957535,Community-led Navigation to Address Disparities in Mammography Among Native American Women,,N/A,RECRUITING,,,United States,,,,
NCT06998407,"Study of AVZO-023 as a Single Agent and in Combination With AVZO-021, and/or Endocrine Therapy in Advanced Solid Tumors",,N/A,RECRUITING,,,"United States, United States, United States, United States, United States, United States, United States, United States",,,,
NCT04568616,Phase II Study of Neoadjuvant ArOMatase Inhibitor Therapy for ER+ Breast Cancer (NAOMI),,N/A,RECRUITING,,,"United States, United States",,,,
NCT05645471,Together After Cancer,,N/A,RECRUITING,,,"United States, United States, United States",,,,
NCT05528133,Genomically Guided Radiation Therapy in the Management of Triple Negative Breast Cancer,,N/A,RECRUITING,,,"United States, United States",,,,
NCT05187832,A Study of AND019 in Women With ER Positive HER2 Negative Advanced or Metastatic Breast Cancer,,N/A,RECRUITING,,,United States,,,,
NCT05748834,Study of Tucatinib and Doxil in Participants With Human Epidermal Growth Factor Receptor 2 Positive (HER2+) Metastatic Breast Cancer,,N/A,RECRUITING,,,"United States, United States, United States, United States, United States, United States, United States, United States",,,,
NCT06831838,A Randomized Controlled Trial (RCT) to Determine the Efficacy of a Multidisciplinary CBT Based Pain Management Program for the Treatment of Aromatase Inhibitor Associated Musculoskeletal Symptoms (AIMSS) in Breast Cancer Survivors,,N/A,RECRUITING,,,United States,,,,
